{
  "hash": "dd7428be",
  "configHash": "6dba551b",
  "lockfileHash": "7369d2bd",
  "browserHash": "bb52cf6b",
  "optimized": {
    "@angular/common/http": {
      "src": "../../../../../node_modules/@angular/common/fesm2022/http.mjs",
      "file": "@angular_common_http.js",
      "fileHash": "b2db19fc",
      "needsInterop": false
    },
    "@angular/core": {
      "src": "../../../../../node_modules/@angular/core/fesm2022/core.mjs",
      "file": "@angular_core.js",
      "fileHash": "e9758307",
      "needsInterop": false
    },
    "@angular/forms": {
      "src": "../../../../../node_modules/@angular/forms/fesm2022/forms.mjs",
      "file": "@angular_forms.js",
      "fileHash": "dfd1e2cb",
      "needsInterop": false
    },
    "@angular/platform-browser": {
      "src": "../../../../../node_modules/@angular/platform-browser/fesm2022/platform-browser.mjs",
      "file": "@angular_platform-browser.js",
      "fileHash": "a23b0c08",
      "needsInterop": false
    },
    "@angular/router": {
      "src": "../../../../../node_modules/@angular/router/fesm2022/router.mjs",
      "file": "@angular_router.js",
      "fileHash": "4c12f233",
      "needsInterop": false
    },
    "@angular/common": {
      "src": "../../../../../node_modules/@angular/common/fesm2022/common.mjs",
      "file": "@angular_common.js",
      "fileHash": "5803aa4a",
      "needsInterop": false
    }
  },
  "chunks": {
    "chunk-U5ZMJQIW": {
      "file": "chunk-U5ZMJQIW.js"
    },
    "chunk-CHLJP4YM": {
      "file": "chunk-CHLJP4YM.js"
    },
    "chunk-BCI4JWLY": {
      "file": "chunk-BCI4JWLY.js"
    },
    "chunk-HVFU3AXE": {
      "file": "chunk-HVFU3AXE.js"
    }
  }
}